Label,Split,Section,Mean,Median,Mode,Max,Min,Std Dev
unclean,train,dialogues,155.728,129.0,65,636,18,108.19339173905216
unclean,train,summaries,25.438,22.0,15,73,5,13.65548080442428
unclean,test,dialogues,159.8168498168498,129.0,113,760,19,115.16941138183034
unclean,test,summaries,25.164835164835164,22.0,15,81,5,13.093574524830805
clean,train,dialogues,121.548,93.0,53,619,11,99.37546828065767
clean,train,summaries,25.214,22.0,13,73,5,13.615146124812616
clean,test,dialogues,124.85470085470085,94.0,51,707,11,105.93267213145579
clean,test,summaries,24.94993894993895,22.0,15,81,5,13.046968196372367
